Timestamp,UPS_ID,Status,Capacity_kW,IT_Load_Allocated_kW,Output_Load_kW,Input_Load_kW,Load_Percent,Efficiency_Percent,UPS_Loss_kW,Battery_Voltage,Estimated_Runtime_Min,Alarm_Code
2026-08-09 00:00:00,UPS-01,Online,300,112.4,112.4,126.9,37.5,94.5,14.5,480.3,35.0,
2026-08-09 00:00:00,UPS-02,Online,300,112.4,112.4,126.0,37.5,95.22,13.6,478.9,35.0,
2026-08-09 00:00:00,UPS-03,Online,300,112.4,112.4,126.8,37.5,94.64,14.4,481.8,35.0,
2026-08-09 00:15:00,UPS-01,Online,300,110.1,110.1,123.2,36.7,95.6,13.1,478.3,35.3,
2026-08-09 00:15:00,UPS-02,Online,300,110.1,110.1,123.5,36.7,95.3,13.4,481.7,35.3,
2026-08-09 00:15:00,UPS-03,Online,300,110.1,110.1,123.2,36.7,95.56,13.1,479.8,35.3,
2026-08-09 00:30:00,UPS-01,Online,300,111.1,111.1,125.0,37.0,94.96,13.9,480.6,35.2,
2026-08-09 00:30:00,UPS-02,Online,300,111.1,111.1,125.2,37.0,94.83,14.1,479.9,35.2,
2026-08-09 00:30:00,UPS-03,Online,300,111.1,111.1,125.6,37.0,94.46,14.5,478.8,35.2,
2026-08-09 00:45:00,UPS-01,Online,300,110.5,110.5,125.1,36.8,94.4,14.6,478.4,35.3,
2026-08-09 00:45:00,UPS-02,Online,300,110.5,110.5,125.1,36.8,94.4,14.6,480.2,35.3,
2026-08-09 00:45:00,UPS-03,Online,300,110.5,110.5,124.1,36.8,95.17,13.6,480.7,35.3,
2026-08-09 01:00:00,UPS-01,Online,300,110.9,110.9,123.8,37.0,95.73,12.9,478.5,35.2,
2026-08-09 01:00:00,UPS-02,Online,300,110.9,110.9,125.1,37.0,94.69,14.2,478.6,35.2,
2026-08-09 01:00:00,UPS-03,Online,300,110.9,110.9,124.6,37.0,95.15,13.7,479.1,35.2,
2026-08-09 01:15:00,UPS-01,Online,300,109.6,109.6,122.6,36.5,95.63,13.0,478.5,35.4,
2026-08-09 01:15:00,UPS-02,Online,300,109.6,109.6,122.6,36.5,95.64,13.0,478.2,35.4,
2026-08-09 01:15:00,UPS-03,Online,300,109.6,109.6,123.4,36.5,94.96,13.8,479.9,35.4,
2026-08-09 01:30:00,UPS-01,Online,300,111.0,111.0,124.4,37.0,95.37,13.4,481.8,35.2,
2026-08-09 01:30:00,UPS-02,Online,300,111.0,111.0,124.3,37.0,95.47,13.3,479.3,35.2,
2026-08-09 01:30:00,UPS-03,Online,300,111.0,111.0,125.5,37.0,94.44,14.5,480.2,35.2,
2026-08-09 01:45:00,UPS-01,Online,300,109.1,109.1,122.2,36.4,95.56,13.1,480.3,35.4,
2026-08-09 01:45:00,UPS-02,Online,300,109.1,109.1,123.7,36.4,94.3,14.6,478.2,35.4,
2026-08-09 01:45:00,UPS-03,Online,300,109.1,109.1,122.2,36.4,95.5,13.1,480.2,35.4,
2026-08-09 02:00:00,UPS-01,Online,300,108.9,108.9,121.8,36.3,95.67,12.9,478.9,35.5,
2026-08-09 02:00:00,UPS-02,Online,300,108.9,108.9,123.1,36.3,94.64,14.2,481.0,35.5,
2026-08-09 02:00:00,UPS-03,Online,300,108.9,108.9,122.6,36.3,95.01,13.7,478.3,35.5,
2026-08-09 02:15:00,UPS-01,Online,300,109.2,109.2,123.6,36.4,94.48,14.4,478.6,35.4,
2026-08-09 02:15:00,UPS-02,Online,300,109.2,109.2,123.0,36.4,94.98,13.8,481.6,35.4,
2026-08-09 02:15:00,UPS-03,Online,300,109.2,109.2,122.1,36.4,95.72,12.9,478.7,35.4,
2026-08-09 02:30:00,UPS-01,Online,300,109.0,109.0,123.0,36.3,94.82,14.0,478.1,35.5,
2026-08-09 02:30:00,UPS-02,Online,300,109.0,109.0,123.4,36.3,94.46,14.4,478.7,35.5,
2026-08-09 02:30:00,UPS-03,Online,300,109.0,109.0,122.2,36.3,95.41,13.2,479.1,35.5,
2026-08-09 02:45:00,UPS-01,Online,300,108.5,108.5,121.9,36.2,95.3,13.4,480.9,35.5,
2026-08-09 02:45:00,UPS-02,Online,300,108.5,108.5,121.9,36.2,95.3,13.4,481.2,35.5,
2026-08-09 02:45:00,UPS-03,Online,300,108.5,108.5,122.4,36.2,94.83,13.9,481.4,35.5,
2026-08-09 03:00:00,UPS-01,Online,300,107.2,107.2,120.9,35.7,94.98,13.7,478.7,35.7,
2026-08-09 03:00:00,UPS-02,Online,300,107.2,107.2,121.2,35.7,94.73,14.0,478.3,35.7,
2026-08-09 03:00:00,UPS-03,Online,300,107.2,107.2,121.5,35.7,94.48,14.3,478.3,35.7,
2026-08-09 03:15:00,UPS-01,Online,300,109.1,109.1,122.2,36.4,95.5,13.1,479.3,35.4,
2026-08-09 03:15:00,UPS-02,Online,300,109.1,109.1,123.2,36.4,94.71,14.1,479.5,35.4,
2026-08-09 03:15:00,UPS-03,Online,300,109.1,109.1,123.6,36.4,94.4,14.5,479.1,35.4,
2026-08-09 03:30:00,UPS-01,Online,300,108.3,108.3,122.4,36.1,94.65,14.1,479.8,35.6,
2026-08-09 03:30:00,UPS-02,Online,300,108.3,108.3,121.7,36.1,95.21,13.4,480.8,35.6,
2026-08-09 03:30:00,UPS-03,Online,300,108.3,108.3,122.8,36.1,94.35,14.5,478.1,35.6,
2026-08-09 03:45:00,UPS-01,Online,300,107.6,107.6,122.1,35.9,94.34,14.5,480.9,35.6,
2026-08-09 03:45:00,UPS-02,Online,300,107.6,107.6,122.0,35.9,94.39,14.4,478.3,35.6,
2026-08-09 03:45:00,UPS-03,Online,300,107.6,107.6,121.2,35.9,95.09,13.6,480.6,35.6,
2026-08-09 04:00:00,UPS-01,Online,300,108.4,108.4,121.9,36.1,95.17,13.5,479.3,35.6,
2026-08-09 04:00:00,UPS-02,Online,300,108.4,108.4,122.2,36.1,94.88,13.8,479.6,35.6,
2026-08-09 04:00:00,UPS-03,Online,300,108.4,108.4,121.4,36.1,95.61,13.0,478.7,35.6,
2026-08-09 04:15:00,UPS-01,Online,300,110.1,110.1,123.7,36.7,95.16,13.6,479.6,35.3,
2026-08-09 04:15:00,UPS-02,Online,300,110.1,110.1,123.6,36.7,95.28,13.5,481.1,35.3,
2026-08-09 04:15:00,UPS-03,Online,300,110.1,110.1,123.0,36.7,95.72,12.9,479.4,35.3,
2026-08-09 04:30:00,UPS-01,Online,300,109.0,109.0,122.2,36.3,95.46,13.2,479.1,35.5,
2026-08-09 04:30:00,UPS-02,Online,300,109.0,109.0,122.5,36.3,95.17,13.5,479.6,35.5,
2026-08-09 04:30:00,UPS-03,Online,300,109.0,109.0,123.0,36.3,94.8,14.0,478.8,35.5,
2026-08-09 04:45:00,UPS-01,Online,300,108.6,108.6,122.0,36.2,95.25,13.4,481.5,35.5,
2026-08-09 04:45:00,UPS-02,Online,300,108.6,108.6,121.9,36.2,95.34,13.3,480.4,35.5,
2026-08-09 04:45:00,UPS-03,Online,300,108.6,108.6,122.6,36.2,94.73,14.0,480.4,35.5,
2026-08-09 05:00:00,UPS-01,Online,300,112.5,112.5,126.2,37.5,95.15,13.7,481.1,35.0,
2026-08-09 05:00:00,UPS-02,Online,300,112.5,112.5,127.1,37.5,94.43,14.6,480.2,35.0,
2026-08-09 05:00:00,UPS-03,Online,300,112.5,112.5,126.0,37.5,95.37,13.5,481.8,35.0,
2026-08-09 05:15:00,UPS-01,Online,300,109.3,109.3,122.5,36.4,95.46,13.2,478.7,35.4,
2026-08-09 05:15:00,UPS-02,Online,300,109.3,109.3,123.2,36.4,94.86,13.9,478.8,35.4,
2026-08-09 05:15:00,UPS-03,Online,300,109.3,109.3,123.6,36.4,94.52,14.3,480.0,35.4,
2026-08-09 05:30:00,UPS-01,Online,300,110.2,110.2,124.2,36.7,94.83,14.0,480.7,35.3,
2026-08-09 05:30:00,UPS-02,Online,300,110.2,110.2,124.0,36.7,94.99,13.8,481.7,35.3,
2026-08-09 05:30:00,UPS-03,Online,300,110.2,110.2,124.5,36.7,94.61,14.3,478.5,35.3,
2026-08-09 05:45:00,UPS-01,Online,300,110.6,110.6,124.1,36.9,95.24,13.5,478.3,35.2,
2026-08-09 05:45:00,UPS-02,Online,300,110.6,110.6,123.8,36.9,95.55,13.2,481.5,35.2,
2026-08-09 05:45:00,UPS-03,Online,300,110.6,110.6,124.6,36.9,94.86,14.0,478.6,35.2,
2026-08-09 06:00:00,UPS-01,Online,300,113.3,113.3,127.8,37.8,94.57,14.5,479.2,34.9,
2026-08-09 06:00:00,UPS-02,Online,300,113.3,113.3,126.7,37.8,95.42,13.4,480.0,34.9,
2026-08-09 06:00:00,UPS-03,Online,300,113.3,113.3,126.3,37.8,95.74,13.0,481.6,34.9,
2026-08-09 06:15:00,UPS-01,Online,300,112.7,112.7,127.2,37.6,94.55,14.5,480.7,35.0,
2026-08-09 06:15:00,UPS-02,Online,300,112.7,112.7,126.8,37.6,94.85,14.1,481.4,35.0,
2026-08-09 06:15:00,UPS-03,Online,300,112.7,112.7,126.3,37.6,95.26,13.6,479.2,35.0,
2026-08-09 06:30:00,UPS-01,Online,300,113.5,113.5,128.2,37.8,94.39,14.7,479.2,34.9,
2026-08-09 06:30:00,UPS-02,Online,300,113.5,113.5,127.4,37.8,95.07,13.9,480.7,34.9,
2026-08-09 06:30:00,UPS-03,Online,300,113.5,113.5,127.2,37.8,95.2,13.7,478.6,34.9,
2026-08-09 06:45:00,UPS-01,Online,300,114.3,114.3,127.7,38.1,95.5,13.4,479.0,34.8,
2026-08-09 06:45:00,UPS-02,Online,300,114.3,114.3,127.7,38.1,95.45,13.4,481.5,34.8,
2026-08-09 06:45:00,UPS-03,Online,300,114.3,114.3,127.5,38.1,95.64,13.2,480.0,34.8,
2026-08-09 07:00:00,UPS-01,Online,300,114.7,114.7,128.9,38.2,94.85,14.2,480.8,34.7,
2026-08-09 07:00:00,UPS-02,Online,300,114.7,114.7,128.7,38.2,95.02,14.0,480.1,34.7,
2026-08-09 07:00:00,UPS-03,Online,300,114.7,114.7,128.1,38.2,95.54,13.4,481.9,34.7,
2026-08-09 07:15:00,UPS-01,Online,300,116.0,116.0,130.7,38.7,94.56,14.7,478.5,34.5,
2026-08-09 07:15:00,UPS-02,Online,300,116.0,116.0,131.1,38.7,94.26,15.1,479.6,34.5,
2026-08-09 07:15:00,UPS-03,Online,300,116.0,116.0,130.8,38.7,94.5,14.8,479.9,34.5,
2026-08-09 07:30:00,UPS-01,Online,300,117.1,117.1,130.3,39.0,95.72,13.2,479.3,34.4,
2026-08-09 07:30:00,UPS-02,Online,300,117.1,117.1,130.9,39.0,95.3,13.8,478.9,34.4,
2026-08-09 07:30:00,UPS-03,Online,300,117.1,117.1,132.0,39.0,94.41,14.9,478.6,34.4,
2026-08-09 07:45:00,UPS-01,Online,300,117.4,117.4,132.3,39.1,94.44,14.9,481.3,34.4,
2026-08-09 07:45:00,UPS-02,Online,300,117.4,117.4,131.9,39.1,94.79,14.5,479.5,34.4,
2026-08-09 07:45:00,UPS-03,Online,300,117.4,117.4,131.1,39.1,95.4,13.7,481.9,34.4,
2026-08-09 08:00:00,UPS-01,Online,300,118.7,118.7,132.3,39.6,95.49,13.6,481.6,34.2,
2026-08-09 08:00:00,UPS-02,Online,300,118.7,118.7,133.8,39.6,94.35,15.1,478.4,34.2,
2026-08-09 08:00:00,UPS-03,Online,300,118.7,118.7,133.6,39.6,94.48,14.9,478.2,34.2,
2026-08-09 08:15:00,UPS-01,Online,300,119.9,119.9,134.5,40.0,94.79,14.6,479.8,34.0,
2026-08-09 08:15:00,UPS-02,Online,300,119.9,119.9,133.7,40.0,95.42,13.8,479.5,34.0,
2026-08-09 08:15:00,UPS-03,Online,300,119.9,119.9,134.8,40.0,94.54,14.9,481.1,34.0,
2026-08-09 08:30:00,UPS-01,Online,300,120.2,120.2,134.4,40.1,95.06,14.2,481.3,34.0,
2026-08-09 08:30:00,UPS-02,Online,300,120.2,120.2,134.4,40.1,95.13,14.2,479.1,34.0,
2026-08-09 08:30:00,UPS-03,Online,300,120.2,120.2,135.2,40.1,94.47,15.0,481.3,34.0,
2026-08-09 08:45:00,UPS-01,Online,300,122.0,122.0,137.2,40.7,94.4,15.2,482.0,33.7,
2026-08-09 08:45:00,UPS-02,Online,300,122.0,122.0,137.0,40.7,94.54,15.0,480.5,33.7,
2026-08-09 08:45:00,UPS-03,Online,300,122.0,122.0,137.1,40.7,94.51,15.1,480.3,33.7,
2026-08-09 09:00:00,UPS-01,Online,300,122.7,122.7,137.3,40.9,94.89,14.6,478.5,33.6,
2026-08-09 09:00:00,UPS-02,Online,300,122.7,122.7,136.3,40.9,95.61,13.6,480.1,33.6,
2026-08-09 09:00:00,UPS-03,Online,300,122.7,122.7,137.0,40.9,95.11,14.3,480.5,33.6,
2026-08-09 09:15:00,UPS-01,Online,300,123.2,123.2,137.1,41.1,95.46,13.9,481.9,33.6,
2026-08-09 09:15:00,UPS-02,Online,300,123.2,123.2,137.0,41.1,95.48,13.8,479.7,33.6,
2026-08-09 09:15:00,UPS-03,Online,300,123.2,123.2,138.3,41.1,94.55,15.1,478.7,33.6,
2026-08-09 09:30:00,UPS-01,Online,300,125.2,125.2,140.8,41.7,94.27,15.6,478.0,33.3,
2026-08-09 09:30:00,UPS-02,Online,300,125.2,125.2,139.3,41.7,95.39,14.1,480.1,33.3,
2026-08-09 09:30:00,UPS-03,Online,300,125.2,125.2,139.3,41.7,95.35,14.1,480.3,33.3,
2026-08-09 09:45:00,UPS-01,Online,300,123.9,123.9,138.7,41.3,94.8,14.8,481.5,33.5,
2026-08-09 09:45:00,UPS-02,Online,300,123.9,123.9,138.5,41.3,94.97,14.6,478.2,33.5,
2026-08-09 09:45:00,UPS-03,Online,300,123.9,123.9,137.6,41.3,95.58,13.7,479.7,33.5,
2026-08-09 10:00:00,UPS-01,Online,300,127.1,127.1,142.0,42.4,94.83,14.9,479.4,33.0,
2026-08-09 10:00:00,UPS-02,Online,300,127.1,127.1,141.5,42.4,95.18,14.4,481.0,33.0,
2026-08-09 10:00:00,UPS-03,Online,300,127.1,127.1,142.7,42.4,94.36,15.6,480.2,33.0,
2026-08-09 10:15:00,UPS-01,Online,300,128.1,128.1,143.8,42.7,94.32,15.7,479.8,32.9,
2026-08-09 10:15:00,UPS-02,Online,300,128.1,128.1,143.2,42.7,94.73,15.1,481.2,32.9,
2026-08-09 10:15:00,UPS-03,Online,300,128.1,128.1,143.6,42.7,94.49,15.5,481.4,32.9,
2026-08-09 10:30:00,UPS-01,Online,300,127.8,127.8,142.6,42.6,94.96,14.8,481.9,33.0,
2026-08-09 10:30:00,UPS-02,Online,300,127.8,127.8,142.8,42.6,94.78,15.0,480.1,33.0,
2026-08-09 10:30:00,UPS-03,Online,300,127.8,127.8,142.1,42.6,95.29,14.3,479.5,33.0,
2026-08-09 10:45:00,UPS-01,Online,300,131.2,131.2,145.5,43.7,95.44,14.3,481.3,32.5,
2026-08-09 10:45:00,UPS-02,Online,300,131.2,131.2,147.0,43.7,94.36,15.8,479.5,32.5,
2026-08-09 10:45:00,UPS-03,Online,300,131.2,131.2,146.4,43.7,94.78,15.2,480.2,32.5,
2026-08-09 11:00:00,UPS-01,Online,300,129.8,129.8,144.7,43.3,94.98,14.9,481.8,32.7,
2026-08-09 11:00:00,UPS-02,Online,300,129.8,129.8,145.0,43.3,94.71,15.2,479.4,32.7,
2026-08-09 11:00:00,UPS-03,Online,300,129.8,129.8,144.9,43.3,94.79,15.1,478.9,32.7,
2026-08-09 11:15:00,UPS-01,Online,300,128.9,128.9,142.7,43.0,95.67,13.8,481.9,32.8,
2026-08-09 11:15:00,UPS-02,Online,300,128.9,128.9,144.6,43.0,94.37,15.7,478.1,32.8,
2026-08-09 11:15:00,UPS-03,Online,300,128.9,128.9,144.6,43.0,94.38,15.7,481.1,32.8,
2026-08-09 11:30:00,UPS-01,Online,300,132.3,132.3,148.0,44.1,94.47,15.7,480.3,32.4,
2026-08-09 11:30:00,UPS-02,Online,300,132.3,132.3,148.3,44.1,94.32,16.0,480.5,32.4,
2026-08-09 11:30:00,UPS-03,Online,300,132.3,132.3,147.5,44.1,94.87,15.2,479.2,32.4,
2026-08-09 11:45:00,UPS-01,Online,300,131.8,131.8,145.9,43.9,95.61,14.1,478.2,32.4,
2026-08-09 11:45:00,UPS-02,Online,300,131.8,131.8,146.0,43.9,95.49,14.2,481.3,32.4,
2026-08-09 11:45:00,UPS-03,Online,300,131.8,131.8,146.8,43.9,94.98,15.0,480.4,32.4,
2026-08-09 12:00:00,UPS-01,Online,300,131.9,131.9,146.9,44.0,94.96,15.0,478.8,32.4,
2026-08-09 12:00:00,UPS-02,Online,300,131.9,131.9,147.4,44.0,94.59,15.5,479.5,32.4,
2026-08-09 12:00:00,UPS-03,Online,300,131.9,131.9,147.1,44.0,94.79,15.2,479.8,32.4,
2026-08-09 12:15:00,UPS-01,Online,300,133.5,133.5,147.6,44.5,95.64,14.1,480.4,32.2,
2026-08-09 12:15:00,UPS-02,Online,300,133.5,133.5,149.4,44.5,94.42,15.9,478.6,32.2,
2026-08-09 12:15:00,UPS-03,Online,300,133.5,133.5,149.3,44.5,94.45,15.8,479.6,32.2,
2026-08-09 12:30:00,UPS-01,Online,300,136.0,136.0,151.9,45.3,94.49,15.9,478.9,31.9,
2026-08-09 12:30:00,UPS-02,Online,300,136.0,136.0,151.5,45.3,94.75,15.5,478.0,31.9,
2026-08-09 12:30:00,UPS-03,Online,300,136.0,136.0,151.4,45.3,94.86,15.4,478.9,31.9,
2026-08-09 12:45:00,UPS-01,Online,300,136.3,136.3,151.5,45.4,94.96,15.2,478.6,31.8,
2026-08-09 12:45:00,UPS-02,Online,300,136.3,136.3,151.0,45.4,95.3,14.7,481.7,31.8,
2026-08-09 12:45:00,UPS-03,Online,300,136.3,136.3,151.7,45.4,94.86,15.4,479.2,31.8,
2026-08-09 13:00:00,UPS-01,Online,300,137.5,137.5,151.8,45.8,95.65,14.3,481.2,31.7,
2026-08-09 13:00:00,UPS-02,Online,300,137.5,137.5,152.6,45.8,95.1,15.1,481.8,31.7,
2026-08-09 13:00:00,UPS-03,Online,300,137.5,137.5,151.8,45.8,95.6,14.3,480.4,31.7,
2026-08-09 13:15:00,UPS-01,Online,300,134.6,134.6,149.4,44.9,95.19,14.8,481.5,32.0,
2026-08-09 13:15:00,UPS-02,Online,300,134.6,134.6,149.3,44.9,95.23,14.7,481.0,32.0,
2026-08-09 13:15:00,UPS-03,Online,300,134.6,134.6,149.4,44.9,95.18,14.8,480.6,32.0,
2026-08-09 13:30:00,UPS-01,Online,300,137.3,137.3,152.5,45.8,94.99,15.2,480.2,31.7,
2026-08-09 13:30:00,UPS-02,Online,300,137.3,137.3,152.4,45.8,95.08,15.1,480.7,31.7,
2026-08-09 13:30:00,UPS-03,Online,300,137.3,137.3,152.0,45.8,95.37,14.7,478.0,31.7,
2026-08-09 13:45:00,UPS-01,Online,300,136.2,136.2,151.0,45.4,95.26,14.8,478.2,31.8,
2026-08-09 13:45:00,UPS-02,Online,300,136.2,136.2,152.1,45.4,94.5,15.9,478.1,31.8,
2026-08-09 13:45:00,UPS-03,Online,300,136.2,136.2,151.1,45.4,95.2,14.9,480.4,31.8,
2026-08-09 14:00:00,UPS-01,Online,300,137.7,137.7,154.0,45.9,94.32,16.3,481.2,31.6,
2026-08-09 14:00:00,UPS-02,Online,300,137.7,137.7,151.9,45.9,95.69,14.2,480.0,31.6,
2026-08-09 14:00:00,UPS-03,Online,300,137.7,137.7,152.5,45.9,95.28,14.8,481.1,31.6,
2026-08-09 14:15:00,UPS-01,Online,300,134.7,134.7,149.4,44.9,95.24,14.7,479.9,32.0,
2026-08-09 14:15:00,UPS-02,Online,300,134.7,134.7,150.5,44.9,94.51,15.8,479.9,32.0,
2026-08-09 14:15:00,UPS-03,Online,300,134.7,134.7,150.1,44.9,94.76,15.4,480.3,32.0,
2026-08-09 14:30:00,UPS-01,Online,300,136.2,136.2,151.3,45.4,95.02,15.1,480.0,31.8,
2026-08-09 14:30:00,UPS-02,Online,300,136.2,136.2,150.8,45.4,95.4,14.6,478.3,31.8,
2026-08-09 14:30:00,UPS-03,Online,300,136.2,136.2,151.3,45.4,95.07,15.1,479.5,31.8,
2026-08-09 14:45:00,UPS-01,Online,300,138.2,138.2,152.5,46.1,95.66,14.3,480.2,31.6,
2026-08-09 14:45:00,UPS-02,Online,300,138.2,138.2,153.8,46.1,94.81,15.6,479.7,31.6,
2026-08-09 14:45:00,UPS-03,Online,300,138.2,138.2,153.1,46.1,95.23,14.9,478.3,31.6,
2026-08-09 15:00:00,UPS-01,Online,300,137.7,137.7,153.6,45.9,94.55,15.9,481.1,31.6,
2026-08-09 15:00:00,UPS-02,Online,300,137.7,137.7,153.8,45.9,94.46,16.1,479.4,31.6,
2026-08-09 15:00:00,UPS-03,Online,300,137.7,137.7,151.9,45.9,95.67,14.2,479.6,31.6,
2026-08-09 15:15:00,UPS-01,Online,300,137.1,137.1,152.1,45.7,95.11,15.0,481.4,31.7,
2026-08-09 15:15:00,UPS-02,Online,300,137.1,137.1,152.8,45.7,94.66,15.7,479.4,31.7,
2026-08-09 15:15:00,UPS-03,Online,300,137.1,137.1,152.3,45.7,95.01,15.2,481.3,31.7,
2026-08-09 15:30:00,UPS-01,Online,300,137.2,137.2,153.6,45.7,94.26,16.4,478.1,31.7,
2026-08-09 15:30:00,UPS-02,Online,300,137.2,137.2,151.5,45.7,95.59,14.3,480.9,31.7,
2026-08-09 15:30:00,UPS-03,Online,300,137.2,137.2,152.4,45.7,95.0,15.2,478.6,31.7,
2026-08-09 15:45:00,UPS-01,Online,300,138.2,138.2,154.5,46.1,94.31,16.3,480.2,31.6,
2026-08-09 15:45:00,UPS-02,Online,300,138.2,138.2,154.3,46.1,94.46,16.1,480.2,31.6,
2026-08-09 15:45:00,UPS-03,Online,300,138.2,138.2,153.8,46.1,94.79,15.6,480.2,31.6,
2026-08-09 16:00:00,UPS-01,Online,300,136.8,136.8,153.0,45.6,94.35,16.2,480.4,31.8,
2026-08-09 16:00:00,UPS-02,Online,300,136.8,136.8,151.2,45.6,95.54,14.4,481.3,31.8,
2026-08-09 16:00:00,UPS-03,Online,300,136.8,136.8,151.3,45.6,95.47,14.5,480.4,31.8,
2026-08-09 16:15:00,UPS-01,Online,300,138.5,138.5,153.6,46.2,95.12,15.1,481.6,31.5,
2026-08-09 16:15:00,UPS-02,Online,300,138.5,138.5,152.9,46.2,95.59,14.4,480.9,31.5,
2026-08-09 16:15:00,UPS-03,Online,300,138.5,138.5,154.6,46.2,94.49,16.1,480.0,31.5,
2026-08-09 16:30:00,UPS-01,Online,300,138.1,138.1,152.6,46.0,95.5,14.5,479.2,31.6,
2026-08-09 16:30:00,UPS-02,Online,300,138.1,138.1,154.1,46.0,94.5,16.0,480.1,31.6,
2026-08-09 16:30:00,UPS-03,Online,300,138.1,138.1,152.7,46.0,95.46,14.6,479.0,31.6,
2026-08-09 16:45:00,UPS-01,Online,300,135.4,135.4,151.3,45.1,94.47,15.9,478.7,32.0,
2026-08-09 16:45:00,UPS-02,Online,300,135.4,135.4,149.5,45.1,95.69,14.1,479.4,32.0,
2026-08-09 16:45:00,UPS-03,Online,300,135.4,135.4,150.9,45.1,94.74,15.5,479.8,32.0,
2026-08-09 17:00:00,UPS-01,Online,300,136.0,136.0,152.2,45.3,94.31,16.2,478.1,31.9,
2026-08-09 17:00:00,UPS-02,Online,300,136.0,136.0,150.1,45.3,95.69,14.1,481.6,31.9,
2026-08-09 17:00:00,UPS-03,Online,300,136.0,136.0,150.2,45.3,95.64,14.2,478.7,31.9,
2026-08-09 17:15:00,UPS-01,Online,300,135.5,135.5,150.8,45.2,94.89,15.3,478.7,31.9,
2026-08-09 17:15:00,UPS-02,Online,300,135.5,135.5,151.2,45.2,94.64,15.7,479.8,31.9,
2026-08-09 17:15:00,UPS-03,Online,300,135.5,135.5,150.8,45.2,94.92,15.3,478.2,31.9,
2026-08-09 17:30:00,UPS-01,Online,300,134.6,134.6,149.7,44.9,95.01,15.1,481.2,32.0,
2026-08-09 17:30:00,UPS-02,Online,300,134.6,134.6,150.3,44.9,94.59,15.7,479.0,32.0,
2026-08-09 17:30:00,UPS-03,Online,300,134.6,134.6,148.8,44.9,95.61,14.2,481.1,32.0,
2026-08-09 17:45:00,UPS-01,Online,300,132.9,132.9,147.6,44.3,95.23,14.7,480.8,32.3,
2026-08-09 17:45:00,UPS-02,Online,300,132.9,132.9,147.5,44.3,95.26,14.6,478.6,32.3,
2026-08-09 17:45:00,UPS-03,Online,300,132.9,132.9,148.8,44.3,94.39,15.9,479.0,32.3,
2026-08-09 18:00:00,UPS-01,Online,300,131.9,131.9,145.9,44.0,95.68,14.0,479.0,32.4,
2026-08-09 18:00:00,UPS-02,Online,300,131.9,131.9,147.8,44.0,94.36,15.9,481.1,32.4,
2026-08-09 18:00:00,UPS-03,Online,300,131.9,131.9,147.4,44.0,94.62,15.5,480.5,32.4,
2026-08-09 18:15:00,UPS-01,Online,300,130.6,130.6,144.7,43.5,95.52,14.1,478.6,32.6,
2026-08-09 18:15:00,UPS-02,Online,300,130.6,130.6,145.0,43.5,95.36,14.4,479.3,32.6,
2026-08-09 18:15:00,UPS-03,Online,300,130.6,130.6,145.5,43.5,95.0,14.9,478.6,32.6,
2026-08-09 18:30:00,UPS-01,Online,300,132.2,132.2,146.5,44.1,95.44,14.3,478.3,32.4,
2026-08-09 18:30:00,UPS-02,Online,300,132.2,132.2,148.0,44.1,94.45,15.8,480.6,32.4,
2026-08-09 18:30:00,UPS-03,Online,300,132.2,132.2,147.8,44.1,94.53,15.6,481.1,32.4,
2026-08-09 18:45:00,UPS-01,Online,300,132.6,132.6,147.0,44.2,95.4,14.4,478.2,32.3,
2026-08-09 18:45:00,UPS-02,Online,300,132.6,132.6,146.9,44.2,95.44,14.3,479.5,32.3,
2026-08-09 18:45:00,UPS-03,Online,300,132.6,132.6,147.2,44.2,95.25,14.6,478.5,32.3,
2026-08-09 19:00:00,UPS-01,Online,300,128.3,128.3,143.0,42.8,95.06,14.7,479.9,32.9,
2026-08-09 19:00:00,UPS-02,Online,300,128.3,128.3,144.0,42.8,94.34,15.7,478.8,32.9,
2026-08-09 19:00:00,UPS-03,Online,300,128.3,128.3,143.4,42.8,94.76,15.1,478.9,32.9,
2026-08-09 19:15:00,UPS-01,Online,300,129.1,129.1,144.7,43.0,94.47,15.6,479.9,32.8,
2026-08-09 19:15:00,UPS-02,Online,300,129.1,129.1,144.4,43.0,94.65,15.3,480.4,32.8,
2026-08-09 19:15:00,UPS-03,Online,300,129.1,129.1,143.4,43.0,95.38,14.3,480.1,32.8,
2026-08-09 19:30:00,UPS-01,Online,300,126.0,126.0,140.9,42.0,94.83,14.9,481.5,33.2,
2026-08-09 19:30:00,UPS-02,Online,300,126.0,126.0,141.0,42.0,94.76,15.0,480.0,33.2,
2026-08-09 19:30:00,UPS-03,Online,300,126.0,126.0,139.6,42.0,95.71,13.6,479.9,33.2,
2026-08-09 19:45:00,UPS-01,Online,300,126.2,126.2,141.2,42.1,94.73,15.0,479.9,33.2,
2026-08-09 19:45:00,UPS-02,Online,300,126.2,126.2,140.1,42.1,95.54,13.9,478.6,33.2,
2026-08-09 19:45:00,UPS-03,Online,300,126.2,126.2,140.6,42.1,95.15,14.4,481.1,33.2,
2026-08-09 20:00:00,UPS-01,Online,300,128.4,128.4,143.1,42.8,95.06,14.7,478.8,32.9,
2026-08-09 20:00:00,UPS-02,Online,300,128.4,128.4,143.3,42.8,94.93,14.9,481.7,32.9,
2026-08-09 20:00:00,UPS-03,Online,300,128.4,128.4,143.5,42.8,94.79,15.1,481.4,32.9,
2026-08-09 20:15:00,UPS-01,Online,300,124.0,124.0,137.7,41.3,95.63,13.7,479.5,33.5,
2026-08-09 20:15:00,UPS-02,Online,300,124.0,124.0,138.2,41.3,95.27,14.2,478.8,33.5,
2026-08-09 20:15:00,UPS-03,Online,300,124.0,124.0,139.4,41.3,94.4,15.4,479.1,33.5,
2026-08-09 20:30:00,UPS-01,Online,300,125.5,125.5,139.3,41.8,95.61,13.8,481.8,33.3,
2026-08-09 20:30:00,UPS-02,Online,300,125.5,125.5,139.3,41.8,95.57,13.8,481.2,33.3,
2026-08-09 20:30:00,UPS-03,Online,300,125.5,125.5,140.5,41.8,94.7,15.0,481.1,33.3,
2026-08-09 20:45:00,UPS-01,Online,300,125.0,125.0,139.2,41.7,95.25,14.2,481.9,33.3,
2026-08-09 20:45:00,UPS-02,Online,300,125.0,125.0,140.5,41.7,94.37,15.5,481.9,33.3,
2026-08-09 20:45:00,UPS-03,Online,300,125.0,125.0,139.4,41.7,95.12,14.4,480.2,33.3,
2026-08-09 21:00:00,UPS-01,Online,300,123.8,123.8,139.0,41.3,94.49,15.2,480.0,33.5,
2026-08-09 21:00:00,UPS-02,Online,300,123.8,123.8,137.4,41.3,95.66,13.6,480.2,33.5,
2026-08-09 21:00:00,UPS-03,Online,300,123.8,123.8,137.6,41.3,95.54,13.8,481.5,33.5,
2026-08-09 21:15:00,UPS-01,Online,300,120.9,120.9,134.6,40.3,95.51,13.7,478.7,33.9,
2026-08-09 21:15:00,UPS-02,Online,300,120.9,120.9,135.0,40.3,95.16,14.1,481.7,33.9,
2026-08-09 21:15:00,UPS-03,Online,300,120.9,120.9,135.1,40.3,95.13,14.2,479.0,33.9,
2026-08-09 21:30:00,UPS-01,Online,300,120.6,120.6,135.8,40.2,94.4,15.2,479.9,33.9,
2026-08-09 21:30:00,UPS-02,Online,300,120.6,120.6,134.9,40.2,95.05,14.3,481.0,33.9,
2026-08-09 21:30:00,UPS-03,Online,300,120.6,120.6,135.8,40.2,94.37,15.2,481.8,33.9,
2026-08-09 21:45:00,UPS-01,Online,300,120.3,120.3,135.2,40.1,94.59,14.9,479.9,34.0,
2026-08-09 21:45:00,UPS-02,Online,300,120.3,120.3,134.5,40.1,95.11,14.2,479.6,34.0,
2026-08-09 21:45:00,UPS-03,Online,300,120.3,120.3,134.9,40.1,94.83,14.6,479.4,34.0,
2026-08-09 22:00:00,UPS-01,Online,300,119.4,119.4,134.3,39.8,94.52,14.9,478.1,34.1,
2026-08-09 22:00:00,UPS-02,Online,300,119.4,119.4,134.0,39.8,94.74,14.6,481.7,34.1,
2026-08-09 22:00:00,UPS-03,Online,300,119.4,119.4,134.0,39.8,94.78,14.6,481.6,34.1,
2026-08-09 22:15:00,UPS-01,Online,300,118.6,118.6,133.2,39.5,94.75,14.6,481.0,34.2,
2026-08-09 22:15:00,UPS-02,Online,300,118.6,118.6,132.9,39.5,94.93,14.3,479.0,34.2,
2026-08-09 22:15:00,UPS-03,Online,300,118.6,118.6,133.3,39.5,94.63,14.7,478.8,34.2,
2026-08-09 22:30:00,UPS-01,Online,300,115.6,115.6,129.1,38.5,95.45,13.5,480.8,34.6,
2026-08-09 22:30:00,UPS-02,Online,300,115.6,115.6,129.7,38.5,95.0,14.1,481.0,34.6,
2026-08-09 22:30:00,UPS-03,Online,300,115.6,115.6,129.7,38.5,94.99,14.1,481.9,34.6,
2026-08-09 22:45:00,UPS-01,Online,300,114.5,114.5,128.2,38.2,95.27,13.7,481.4,34.7,
2026-08-09 22:45:00,UPS-02,Online,300,114.5,114.5,128.3,38.2,95.17,13.8,478.4,34.7,
2026-08-09 22:45:00,UPS-03,Online,300,114.5,114.5,127.9,38.2,95.53,13.4,481.6,34.7,
2026-08-09 23:00:00,UPS-01,Online,300,117.2,117.2,130.8,39.1,95.44,13.6,480.8,34.4,
2026-08-09 23:00:00,UPS-02,Online,300,117.2,117.2,131.1,39.1,95.17,13.9,480.1,34.4,
2026-08-09 23:00:00,UPS-03,Online,300,117.2,117.2,131.7,39.1,94.73,14.5,480.1,34.4,
2026-08-09 23:15:00,UPS-01,Online,300,116.0,116.0,129.7,38.7,95.33,13.7,478.7,34.5,
2026-08-09 23:15:00,UPS-02,Online,300,116.0,116.0,130.3,38.7,94.88,14.3,480.0,34.5,
2026-08-09 23:15:00,UPS-03,Online,300,116.0,116.0,130.3,38.7,94.83,14.3,478.5,34.5,
2026-08-09 23:30:00,UPS-01,Online,300,113.3,113.3,126.9,37.8,95.3,13.6,478.4,34.9,
2026-08-09 23:30:00,UPS-02,Online,300,113.3,113.3,127.6,37.8,94.72,14.3,481.4,34.9,
2026-08-09 23:30:00,UPS-03,Online,300,113.3,113.3,128.1,37.8,94.36,14.8,480.9,34.9,
2026-08-09 23:45:00,UPS-01,Online,300,113.3,113.3,127.4,37.8,94.89,14.1,482.0,34.9,
2026-08-09 23:45:00,UPS-02,Online,300,113.3,113.3,128.0,37.8,94.45,14.7,481.0,34.9,
2026-08-09 23:45:00,UPS-03,Online,300,113.3,113.3,127.6,37.8,94.73,14.3,480.2,34.9,
2026-08-10 00:00:00,UPS-01,Online,300,120.4,120.4,135.4,40.1,94.52,15.0,479.9,34.0,
2026-08-10 00:00:00,UPS-02,Online,300,120.4,120.4,134.9,40.1,94.91,14.5,481.0,34.0,
2026-08-10 00:00:00,UPS-03,Online,300,120.4,120.4,135.1,40.1,94.75,14.7,480.0,34.0,
2026-08-10 00:15:00,UPS-01,Online,300,121.9,121.9,136.0,40.6,95.2,14.1,480.7,33.8,
2026-08-10 00:15:00,UPS-02,Online,300,121.9,121.9,136.7,40.6,94.75,14.8,480.1,33.8,
2026-08-10 00:15:00,UPS-03,Online,300,121.9,121.9,137.2,40.6,94.35,15.3,479.6,33.8,
2026-08-10 00:30:00,UPS-01,Online,300,120.4,120.4,134.2,40.1,95.39,13.8,479.8,34.0,
2026-08-10 00:30:00,UPS-02,Online,300,120.4,120.4,134.4,40.1,95.27,14.0,478.7,34.0,
2026-08-10 00:30:00,UPS-03,Online,300,120.4,120.4,134.1,40.1,95.5,13.7,480.6,34.0,
2026-08-10 00:45:00,UPS-01,Online,300,120.7,120.7,134.5,40.2,95.41,13.8,480.1,33.9,
2026-08-10 00:45:00,UPS-02,Online,300,120.7,120.7,134.7,40.2,95.23,14.0,479.3,33.9,
2026-08-10 00:45:00,UPS-03,Online,300,120.7,120.7,135.0,40.2,95.05,14.3,479.2,33.9,
2026-08-10 01:00:00,UPS-01,Online,300,119.2,119.2,134.4,39.7,94.29,15.2,479.9,34.1,
2026-08-10 01:00:00,UPS-02,Online,300,119.2,119.2,134.3,39.7,94.39,15.1,479.3,34.1,
2026-08-10 01:00:00,UPS-03,Online,300,119.2,119.2,132.6,39.7,95.66,13.4,479.3,34.1,
2026-08-10 01:15:00,UPS-01,Online,300,120.3,120.3,134.3,40.1,95.24,14.0,478.5,34.0,
2026-08-10 01:15:00,UPS-02,Online,300,120.3,120.3,133.8,40.1,95.59,13.5,479.5,34.0,
2026-08-10 01:15:00,UPS-03,Online,300,120.3,120.3,135.0,40.1,94.74,14.7,482.0,34.0,
2026-08-10 01:30:00,UPS-01,Online,300,117.0,117.0,132.0,39.0,94.38,15.0,478.9,34.4,
2026-08-10 01:30:00,UPS-02,Online,300,117.0,117.0,131.1,39.0,95.07,14.1,480.4,34.4,
2026-08-10 01:30:00,UPS-03,Online,300,117.0,117.0,131.0,39.0,95.1,14.0,478.6,34.4,
2026-08-10 01:45:00,UPS-01,Online,300,117.6,117.6,131.6,39.2,95.13,14.0,478.5,34.3,
2026-08-10 01:45:00,UPS-02,Online,300,117.6,117.6,132.7,39.2,94.33,15.1,479.4,34.3,
2026-08-10 01:45:00,UPS-03,Online,300,117.6,117.6,131.6,39.2,95.12,14.0,481.0,34.3,
2026-08-10 02:00:00,UPS-01,Online,300,116.6,116.6,131.6,38.9,94.37,15.0,481.6,34.4,
2026-08-10 02:00:00,UPS-02,Online,300,116.6,116.6,131.4,38.9,94.51,14.8,479.2,34.4,
2026-08-10 02:00:00,UPS-03,Online,300,116.6,116.6,130.2,38.9,95.45,13.6,480.9,34.4,
2026-08-10 02:15:00,UPS-01,Online,300,119.2,119.2,133.5,39.7,94.99,14.3,478.9,34.1,
2026-08-10 02:15:00,UPS-02,Online,300,119.2,119.2,133.8,39.7,94.76,14.6,481.1,34.1,
2026-08-10 02:15:00,UPS-03,Online,300,119.2,119.2,134.0,39.7,94.58,14.8,478.9,34.1,
2026-08-10 02:30:00,UPS-01,Online,300,115.9,115.9,129.4,38.6,95.44,13.5,480.9,34.6,
2026-08-10 02:30:00,UPS-02,Online,300,115.9,115.9,130.9,38.6,94.28,15.0,479.6,34.6,
2026-08-10 02:30:00,UPS-03,Online,300,115.9,115.9,130.1,38.6,94.93,14.2,480.1,34.6,
2026-08-10 02:45:00,UPS-01,Online,300,117.0,117.0,131.0,39.0,95.12,14.0,479.2,34.4,
2026-08-10 02:45:00,UPS-02,Online,300,117.0,117.0,131.2,39.0,94.97,14.2,478.6,34.4,
2026-08-10 02:45:00,UPS-03,Online,300,117.0,117.0,130.6,39.0,95.45,13.6,480.1,34.4,
2026-08-10 03:00:00,UPS-01,Online,300,117.9,117.9,131.5,39.3,95.5,13.6,480.5,34.3,
2026-08-10 03:00:00,UPS-02,Online,300,117.9,117.9,132.8,39.3,94.45,14.9,478.2,34.3,
2026-08-10 03:00:00,UPS-03,Online,300,117.9,117.9,132.8,39.3,94.5,14.9,478.9,34.3,
2026-08-10 03:15:00,UPS-01,Online,300,117.3,117.3,130.8,39.1,95.55,13.5,480.6,34.4,
2026-08-10 03:15:00,UPS-02,Online,300,117.3,117.3,131.0,39.1,95.35,13.7,479.5,34.4,
2026-08-10 03:15:00,UPS-03,Online,300,117.3,117.3,131.2,39.1,95.24,13.9,480.6,34.4,
2026-08-10 03:30:00,UPS-01,Online,300,118.3,118.3,132.0,39.4,95.39,13.7,481.0,34.2,
2026-08-10 03:30:00,UPS-02,Online,300,118.3,118.3,132.6,39.4,94.98,14.3,478.5,34.2,
2026-08-10 03:30:00,UPS-03,Online,300,118.3,118.3,132.0,39.4,95.38,13.7,478.2,34.2,
2026-08-10 03:45:00,UPS-01,Online,300,116.9,116.9,131.3,39.0,94.8,14.4,479.6,34.4,
2026-08-10 03:45:00,UPS-02,Online,300,116.9,116.9,131.4,39.0,94.7,14.5,478.2,34.4,
2026-08-10 03:45:00,UPS-03,Online,300,116.9,116.9,131.0,39.0,95.03,14.1,481.6,34.4,
2026-08-10 04:00:00,UPS-01,Online,300,117.9,117.9,132.9,39.3,94.36,15.0,478.7,34.3,
2026-08-10 04:00:00,UPS-02,Online,300,117.9,117.9,132.6,39.3,94.61,14.7,481.4,34.3,
2026-08-10 04:00:00,UPS-03,Online,300,117.9,117.9,131.7,39.3,95.3,13.8,480.6,34.3,
2026-08-10 04:15:00,UPS-01,Online,300,117.4,117.4,131.1,39.1,95.37,13.7,479.6,34.4,
2026-08-10 04:15:00,UPS-02,Online,300,117.4,117.4,131.7,39.1,94.89,14.3,481.3,34.4,
2026-08-10 04:15:00,UPS-03,Online,300,117.4,117.4,131.2,39.1,95.3,13.8,478.6,34.4,
2026-08-10 04:30:00,UPS-01,Online,300,117.3,117.3,131.0,39.1,95.34,13.7,480.2,34.4,
2026-08-10 04:30:00,UPS-02,Online,300,117.3,117.3,130.6,39.1,95.67,13.3,481.4,34.4,
2026-08-10 04:30:00,UPS-03,Online,300,117.3,117.3,130.8,39.1,95.5,13.5,480.8,34.4,
2026-08-10 04:45:00,UPS-01,Online,300,117.5,117.5,131.0,39.2,95.5,13.5,480.8,34.3,
2026-08-10 04:45:00,UPS-02,Online,300,117.5,117.5,131.4,39.2,95.24,13.9,481.8,34.3,
2026-08-10 04:45:00,UPS-03,Online,300,117.5,117.5,132.4,39.2,94.46,14.9,479.8,34.3,
2026-08-10 05:00:00,UPS-01,Online,300,120.8,120.8,135.7,40.3,94.63,14.9,478.9,33.9,
2026-08-10 05:00:00,UPS-02,Online,300,120.8,120.8,134.5,40.3,95.47,13.7,478.2,33.9,
2026-08-10 05:00:00,UPS-03,Online,300,120.8,120.8,134.6,40.3,95.39,13.8,481.9,33.9,
2026-08-10 05:15:00,UPS-01,Online,300,120.5,120.5,134.5,40.2,95.28,14.0,479.2,33.9,
2026-08-10 05:15:00,UPS-02,Online,300,120.5,120.5,135.7,40.2,94.34,15.2,478.2,33.9,
2026-08-10 05:15:00,UPS-03,Online,300,120.5,120.5,134.7,40.2,95.13,14.2,479.9,33.9,
2026-08-10 05:30:00,UPS-01,Online,300,121.1,121.1,135.9,40.4,94.67,14.8,479.0,33.8,
2026-08-10 05:30:00,UPS-02,Online,300,121.1,121.1,134.6,40.4,95.69,13.5,481.2,33.8,
2026-08-10 05:30:00,UPS-03,Online,300,121.1,121.1,136.2,40.4,94.47,15.1,481.2,33.8,
2026-08-10 05:45:00,UPS-01,Online,300,120.4,120.4,134.6,40.1,95.14,14.2,478.7,34.0,
2026-08-10 05:45:00,UPS-02,Online,300,120.4,120.4,134.8,40.1,94.92,14.4,479.5,34.0,
2026-08-10 05:45:00,UPS-03,Online,300,120.4,120.4,134.8,40.1,94.97,14.4,481.9,34.0,
2026-08-10 06:00:00,UPS-01,Online,300,121.0,121.0,136.0,40.3,94.52,15.0,480.5,33.9,
2026-08-10 06:00:00,UPS-02,Online,300,121.0,121.0,136.2,40.3,94.39,15.2,480.6,33.9,
2026-08-10 06:00:00,UPS-03,Online,300,121.0,121.0,134.5,40.3,95.62,13.5,478.6,33.9,
2026-08-10 06:15:00,UPS-01,Online,300,120.6,120.6,134.0,40.2,95.68,13.4,478.5,33.9,
2026-08-10 06:15:00,UPS-02,Online,300,120.6,120.6,135.6,40.2,94.54,15.0,479.5,33.9,
2026-08-10 06:15:00,UPS-03,Online,300,120.6,120.6,135.3,40.2,94.76,14.7,481.4,33.9,
2026-08-10 06:30:00,UPS-01,Online,300,124.0,124.0,138.3,41.3,95.15,14.3,479.7,33.5,
2026-08-10 06:30:00,UPS-02,Online,300,124.0,124.0,137.9,41.3,95.44,13.9,478.7,33.5,
2026-08-10 06:30:00,UPS-03,Online,300,124.0,124.0,138.6,41.3,94.92,14.6,480.9,33.5,
2026-08-10 06:45:00,UPS-01,Online,300,124.3,124.3,138.3,41.4,95.38,14.0,481.7,33.4,
2026-08-10 06:45:00,UPS-02,Online,300,124.3,124.3,139.5,41.4,94.5,15.2,480.0,33.4,
2026-08-10 06:45:00,UPS-03,Online,300,124.3,124.3,138.5,41.4,95.23,14.2,478.2,33.4,
2026-08-10 07:00:00,UPS-01,Online,300,124.2,124.2,138.4,41.4,95.23,14.2,481.3,33.4,
2026-08-10 07:00:00,UPS-02,Online,300,124.2,124.2,138.5,41.4,95.16,14.3,478.9,33.4,
2026-08-10 07:00:00,UPS-03,Online,300,124.2,124.2,137.8,41.4,95.72,13.6,478.5,33.4,
2026-08-10 07:15:00,UPS-01,Online,300,126.3,126.3,141.0,42.1,94.99,14.7,479.7,33.2,
2026-08-10 07:15:00,UPS-02,Online,300,126.3,126.3,141.4,42.1,94.7,15.1,480.0,33.2,
2026-08-10 07:15:00,UPS-03,Online,300,126.3,126.3,140.6,42.1,95.28,14.3,479.5,33.2,
2026-08-10 07:30:00,UPS-01,Online,300,126.2,126.2,140.7,42.1,95.12,14.5,478.7,33.2,
2026-08-10 07:30:00,UPS-02,Online,300,126.2,126.2,139.8,42.1,95.72,13.6,479.3,33.2,
2026-08-10 07:30:00,UPS-03,Online,300,126.2,126.2,140.5,42.1,95.23,14.3,479.3,33.2,
2026-08-10 07:45:00,UPS-01,Online,300,129.9,129.9,144.6,43.3,95.11,14.7,479.9,32.7,
2026-08-10 07:45:00,UPS-02,Online,300,129.9,129.9,145.2,43.3,94.66,15.3,481.9,32.7,
2026-08-10 07:45:00,UPS-03,Online,300,129.9,129.9,145.2,43.3,94.66,15.3,480.1,32.7,
2026-08-10 08:00:00,UPS-01,Online,300,127.9,127.9,142.9,42.6,94.78,15.0,481.9,33.0,
2026-08-10 08:00:00,UPS-02,Online,300,127.9,127.9,143.3,42.6,94.53,15.4,480.5,33.0,
2026-08-10 08:00:00,UPS-03,Online,300,127.9,127.9,141.8,42.6,95.6,13.9,482.0,33.0,
2026-08-10 08:15:00,UPS-01,Online,300,131.9,131.9,147.2,44.0,94.75,15.3,481.4,32.4,
2026-08-10 08:15:00,UPS-02,Online,300,131.9,131.9,146.3,44.0,95.36,14.4,481.2,32.4,
2026-08-10 08:15:00,UPS-03,Online,300,131.9,131.9,147.7,44.0,94.4,15.8,478.3,32.4,
2026-08-10 08:30:00,UPS-01,Online,300,129.8,129.8,145.0,43.3,94.72,15.2,480.7,32.7,
2026-08-10 08:30:00,UPS-02,Online,300,129.8,129.8,144.7,43.3,94.96,14.9,480.8,32.7,
2026-08-10 08:30:00,UPS-03,Online,300,129.8,129.8,143.8,43.3,95.55,14.0,481.1,32.7,
2026-08-10 08:45:00,UPS-01,Online,300,132.1,132.1,147.0,44.0,95.02,14.9,479.3,32.4,
2026-08-10 08:45:00,UPS-02,Online,300,132.1,132.1,147.1,44.0,95.0,15.0,480.7,32.4,
2026-08-10 08:45:00,UPS-03,Online,300,132.1,132.1,147.6,44.0,94.6,15.5,478.3,32.4,
2026-08-10 09:00:00,UPS-01,Online,300,132.0,132.0,146.8,44.0,95.09,14.8,481.9,32.4,
2026-08-10 09:00:00,UPS-02,Online,300,132.0,132.0,148.0,44.0,94.29,16.0,478.8,32.4,
2026-08-10 09:00:00,UPS-03,Online,300,132.0,132.0,146.6,44.0,95.26,14.6,480.0,32.4,
2026-08-10 09:15:00,UPS-01,Online,300,134.4,134.4,148.4,44.8,95.71,14.0,478.5,32.1,
2026-08-10 09:15:00,UPS-02,Online,300,134.4,134.4,150.4,44.8,94.39,16.0,480.5,32.1,
2026-08-10 09:15:00,UPS-03,Online,300,134.4,134.4,149.9,44.8,94.73,15.5,480.8,32.1,
2026-08-10 09:30:00,UPS-01,Online,300,135.9,135.9,150.3,45.3,95.52,14.4,478.2,31.9,
2026-08-10 09:30:00,UPS-02,Online,300,135.9,135.9,151.7,45.3,94.55,15.8,481.4,31.9,
2026-08-10 09:30:00,UPS-03,Online,300,135.9,135.9,151.0,45.3,95.01,15.1,478.9,31.9,
2026-08-10 09:45:00,UPS-01,Online,300,136.7,136.7,152.3,45.6,94.75,15.6,481.9,31.8,
2026-08-10 09:45:00,UPS-02,Online,300,136.7,136.7,152.2,45.6,94.83,15.5,480.1,31.8,
2026-08-10 09:45:00,UPS-03,Online,300,136.7,136.7,151.2,45.6,95.47,14.5,478.4,31.8,
2026-08-10 10:00:00,UPS-01,Online,300,137.2,137.2,153.6,45.7,94.26,16.4,478.3,31.7,
2026-08-10 10:00:00,UPS-02,Online,300,137.2,137.2,152.2,45.7,95.15,15.0,481.8,31.7,
2026-08-10 10:00:00,UPS-03,Online,300,137.2,137.2,153.2,45.7,94.47,16.0,480.3,31.7,
2026-08-10 10:15:00,UPS-01,Online,300,137.1,137.1,152.1,45.7,95.15,15.0,479.8,31.7,
2026-08-10 10:15:00,UPS-02,Online,300,137.1,137.1,151.9,45.7,95.3,14.8,480.3,31.7,
2026-08-10 10:15:00,UPS-03,Online,300,137.1,137.1,152.1,45.7,95.14,15.0,478.3,31.7,
2026-08-10 10:30:00,UPS-01,Online,300,140.0,140.0,154.4,46.7,95.61,14.4,481.3,31.3,
2026-08-10 10:30:00,UPS-02,Online,300,140.0,140.0,154.8,46.7,95.39,14.8,479.7,31.3,
2026-08-10 10:30:00,UPS-03,Online,300,140.0,140.0,155.8,46.7,94.7,15.8,479.8,31.3,
2026-08-10 10:45:00,UPS-01,Online,300,141.8,141.8,157.2,47.3,95.02,15.4,481.8,31.1,
2026-08-10 10:45:00,UPS-02,Online,300,141.8,141.8,156.1,47.3,95.75,14.3,481.5,31.1,
2026-08-10 10:45:00,UPS-03,Online,300,141.8,141.8,156.7,47.3,95.34,14.9,478.6,31.1,
2026-08-10 11:00:00,UPS-01,Online,300,142.5,142.5,157.2,47.5,95.49,14.7,481.9,31.0,
2026-08-10 11:00:00,UPS-02,Online,300,142.5,142.5,158.0,47.5,95.01,15.5,479.1,31.0,
2026-08-10 11:00:00,UPS-03,Online,300,142.5,142.5,156.9,47.5,95.67,14.4,478.8,31.0,
2026-08-10 11:15:00,UPS-01,Online,300,142.4,142.4,157.7,47.5,95.15,15.3,479.7,31.0,
2026-08-10 11:15:00,UPS-02,Online,300,142.4,142.4,158.0,47.5,94.94,15.6,479.3,31.0,
2026-08-10 11:15:00,UPS-03,Online,300,142.4,142.4,158.3,47.5,94.77,15.9,478.9,31.0,
2026-08-10 11:30:00,UPS-01,Online,300,144.8,144.8,159.8,48.3,95.41,15.0,478.2,30.7,
2026-08-10 11:30:00,UPS-02,Online,300,144.8,144.8,159.9,48.3,95.3,15.1,481.8,30.7,
2026-08-10 11:30:00,UPS-03,Online,300,144.8,144.8,161.3,48.3,94.43,16.5,478.6,30.7,
2026-08-10 11:45:00,UPS-01,Online,300,142.4,142.4,157.1,47.5,95.51,14.7,478.7,31.0,
2026-08-10 11:45:00,UPS-02,Online,300,142.4,142.4,158.4,47.5,94.7,16.0,480.7,31.0,
2026-08-10 11:45:00,UPS-03,Online,300,142.4,142.4,158.5,47.5,94.61,16.1,479.0,31.0,
2026-08-10 12:00:00,UPS-01,Online,300,144.1,144.1,158.8,48.0,95.58,14.7,478.7,30.8,
2026-08-10 12:00:00,UPS-02,Online,300,144.1,144.1,160.2,48.0,94.69,16.1,478.1,30.8,
2026-08-10 12:00:00,UPS-03,Online,300,144.1,144.1,159.3,48.0,95.26,15.2,481.7,30.8,
2026-08-10 12:15:00,UPS-01,Online,300,143.9,143.9,159.0,48.0,95.31,15.1,479.3,30.8,
2026-08-10 12:15:00,UPS-02,Online,300,143.9,143.9,160.1,48.0,94.59,16.2,480.1,30.8,
2026-08-10 12:15:00,UPS-03,Online,300,143.9,143.9,158.6,48.0,95.56,14.7,479.2,30.8,
2026-08-10 12:30:00,UPS-01,Online,300,145.9,145.9,161.5,48.6,95.07,15.6,479.4,30.6,
2026-08-10 12:30:00,UPS-02,Online,300,145.9,145.9,162.3,48.6,94.53,16.4,480.1,30.6,
2026-08-10 12:30:00,UPS-03,Online,300,145.9,145.9,160.8,48.6,95.49,14.9,478.8,30.6,
2026-08-10 12:45:00,UPS-01,Online,300,147.3,147.3,163.7,49.1,94.62,16.4,480.5,30.4,
2026-08-10 12:45:00,UPS-02,Online,300,147.3,147.3,161.9,49.1,95.71,14.6,478.8,30.4,
2026-08-10 12:45:00,UPS-03,Online,300,147.3,147.3,162.1,49.1,95.6,14.8,481.5,30.4,
2026-08-10 13:00:00,UPS-01,Online,300,148.6,148.6,165.6,49.5,94.31,17.0,480.8,30.2,
2026-08-10 13:00:00,UPS-02,Online,300,148.6,148.6,163.5,49.5,95.58,14.9,480.0,30.2,
2026-08-10 13:00:00,UPS-03,Online,300,148.6,148.6,163.7,49.5,95.47,15.1,479.9,30.2,
2026-08-10 13:15:00,UPS-01,Online,300,146.7,146.7,161.6,48.9,95.51,14.9,478.4,30.4,
2026-08-10 13:15:00,UPS-02,Online,300,146.7,146.7,161.5,48.9,95.58,14.8,481.4,30.4,
2026-08-10 13:15:00,UPS-03,Online,300,146.7,146.7,162.7,48.9,94.85,16.0,478.5,30.4,
2026-08-10 13:30:00,UPS-01,Online,300,148.0,148.0,163.2,49.3,95.35,15.2,478.8,30.3,
2026-08-10 13:30:00,UPS-02,Online,300,148.0,148.0,164.2,49.3,94.72,16.2,478.3,30.3,
2026-08-10 13:30:00,UPS-03,Online,300,148.0,148.0,162.8,49.3,95.62,14.8,478.8,30.3,
2026-08-10 13:45:00,UPS-01,Online,300,149.3,149.3,164.5,49.8,95.38,15.2,481.3,30.1,
2026-08-10 13:45:00,UPS-02,Online,300,149.3,149.3,165.0,49.8,95.12,15.7,478.0,30.1,
2026-08-10 13:45:00,UPS-03,Online,300,149.3,149.3,164.7,49.8,95.29,15.4,478.7,30.1,
2026-08-10 14:00:00,UPS-01,Online,300,148.2,148.2,164.3,49.4,94.84,16.1,481.3,30.2,
2026-08-10 14:00:00,UPS-02,Online,300,148.2,148.2,163.5,49.4,95.3,15.3,478.0,30.2,
2026-08-10 14:00:00,UPS-03,Online,300,148.2,148.2,163.9,49.4,95.06,15.7,480.8,30.2,
2026-08-10 14:15:00,UPS-01,Online,300,150.6,150.6,167.1,50.2,94.63,16.5,478.9,29.9,
2026-08-10 14:15:00,UPS-02,Online,300,150.6,150.6,165.9,50.2,95.38,15.3,478.6,29.9,
2026-08-10 14:15:00,UPS-03,Online,300,150.6,150.6,167.6,50.2,94.37,17.0,480.3,29.9,
2026-08-10 14:30:00,UPS-01,Online,300,150.3,150.3,167.4,50.1,94.28,17.1,478.2,30.0,
2026-08-10 14:30:00,UPS-02,Online,300,150.3,150.3,166.5,50.1,94.81,16.2,479.6,30.0,
2026-08-10 14:30:00,UPS-03,Online,300,150.3,150.3,165.2,50.1,95.59,14.9,481.2,30.0,
2026-08-10 14:45:00,UPS-01,Online,300,149.9,149.9,165.7,50.0,95.03,15.8,481.7,30.0,
2026-08-10 14:45:00,UPS-02,Online,300,149.9,149.9,165.8,50.0,95.0,15.9,479.8,30.0,
2026-08-10 14:45:00,UPS-03,Online,300,149.9,149.9,166.5,50.0,94.56,16.6,482.0,30.0,
2026-08-10 15:00:00,UPS-01,Online,300,148.9,148.9,164.6,49.6,95.11,15.7,478.3,30.2,
2026-08-10 15:00:00,UPS-02,Online,300,148.9,148.9,165.0,49.6,94.82,16.1,478.6,30.2,
2026-08-10 15:00:00,UPS-03,Online,300,148.9,148.9,165.6,49.6,94.5,16.7,478.1,30.2,
2026-08-10 15:15:00,UPS-01,Online,300,149.6,149.6,166.4,49.9,94.46,16.8,479.0,30.0,
2026-08-10 15:15:00,UPS-02,Online,300,149.6,149.6,165.7,49.9,94.89,16.1,478.9,30.0,
2026-08-10 15:15:00,UPS-03,Online,300,149.6,149.6,165.3,49.9,95.1,15.7,479.6,30.0,
2026-08-10 15:30:00,UPS-01,Online,300,148.1,148.1,163.4,49.4,95.31,15.3,479.4,30.2,
2026-08-10 15:30:00,UPS-02,Online,300,148.1,148.1,163.7,49.4,95.09,15.6,479.8,30.2,
2026-08-10 15:30:00,UPS-03,Online,300,148.1,148.1,163.1,49.4,95.51,15.0,481.2,30.2,
2026-08-10 15:45:00,UPS-01,Online,300,150.4,150.4,165.7,50.1,95.38,15.3,479.3,30.0,
2026-08-10 15:45:00,UPS-02,Online,300,150.4,150.4,165.6,50.1,95.44,15.2,481.7,30.0,
2026-08-10 15:45:00,UPS-03,Online,300,150.4,150.4,165.8,50.1,95.31,15.4,481.2,30.0,
2026-08-10 16:00:00,UPS-01,Online,300,147.3,147.3,164.0,49.1,94.45,16.7,480.3,30.4,
2026-08-10 16:00:00,UPS-02,Online,300,147.3,147.3,163.0,49.1,95.02,15.7,481.0,30.4,
2026-08-10 16:00:00,UPS-03,Online,300,147.3,147.3,162.6,49.1,95.3,15.3,478.8,30.4,
2026-08-10 16:15:00,UPS-01,Online,300,150.5,150.5,166.8,50.2,94.8,16.3,478.6,29.9,
2026-08-10 16:15:00,UPS-02,Online,300,150.5,150.5,165.6,50.2,95.52,15.1,481.2,29.9,
2026-08-10 16:15:00,UPS-03,Online,300,150.5,150.5,167.4,50.2,94.39,16.9,482.0,29.9,
2026-08-10 16:30:00,UPS-01,Online,300,148.5,148.5,164.4,49.5,94.97,15.9,478.9,30.2,
2026-08-10 16:30:00,UPS-02,Online,300,148.5,148.5,164.6,49.5,94.83,16.1,478.8,30.2,
2026-08-10 16:30:00,UPS-03,Online,300,148.5,148.5,164.1,49.5,95.11,15.6,481.0,30.2,
2026-08-10 16:45:00,UPS-01,Online,300,146.2,146.2,162.0,48.7,94.96,15.8,481.3,30.5,
2026-08-10 16:45:00,UPS-02,Online,300,146.2,146.2,161.9,48.7,94.99,15.7,480.9,30.5,
2026-08-10 16:45:00,UPS-03,Online,300,146.2,146.2,161.6,48.7,95.2,15.4,481.4,30.5,
2026-08-10 17:00:00,UPS-01,Online,300,146.7,146.7,162.8,48.9,94.75,16.1,479.5,30.4,
2026-08-10 17:00:00,UPS-02,Online,300,146.7,146.7,161.3,48.9,95.72,14.6,478.9,30.4,
2026-08-10 17:00:00,UPS-03,Online,300,146.7,146.7,163.5,48.9,94.36,16.8,481.9,30.4,
2026-08-10 17:15:00,UPS-01,Online,300,146.6,146.6,161.5,48.9,95.5,14.9,480.9,30.4,
2026-08-10 17:15:00,UPS-02,Online,300,146.6,146.6,163.0,48.9,94.58,16.4,479.0,30.4,
2026-08-10 17:15:00,UPS-03,Online,300,146.6,146.6,161.4,48.9,95.59,14.8,480.8,30.4,
2026-08-10 17:30:00,UPS-01,Online,300,144.6,144.6,159.9,48.2,95.22,15.3,481.4,30.7,
2026-08-10 17:30:00,UPS-02,Online,300,144.6,144.6,160.5,48.2,94.83,15.9,479.2,30.7,
2026-08-10 17:30:00,UPS-03,Online,300,144.6,144.6,159.1,48.2,95.71,14.5,480.5,30.7,
2026-08-10 17:45:00,UPS-01,Online,300,145.2,145.2,159.9,48.4,95.56,14.7,480.0,30.6,
2026-08-10 17:45:00,UPS-02,Online,300,145.2,145.2,159.9,48.4,95.6,14.7,479.4,30.6,
2026-08-10 17:45:00,UPS-03,Online,300,145.2,145.2,162.0,48.4,94.31,16.8,482.0,30.6,
2026-08-10 18:00:00,UPS-01,Online,300,143.6,143.6,160.0,47.9,94.48,16.4,481.5,30.8,
2026-08-10 18:00:00,UPS-02,Online,300,143.6,143.6,160.2,47.9,94.34,16.6,479.5,30.8,
2026-08-10 18:00:00,UPS-03,Online,300,143.6,143.6,160.1,47.9,94.39,16.5,480.2,30.8,
2026-08-10 18:15:00,UPS-01,Online,300,141.4,141.4,156.6,47.1,95.18,15.2,480.6,31.2,
2026-08-10 18:15:00,UPS-02,Online,300,141.4,141.4,156.5,47.1,95.25,15.1,481.5,31.2,
2026-08-10 18:15:00,UPS-03,Online,300,141.4,141.4,156.3,47.1,95.36,14.9,480.7,31.2,
2026-08-10 18:30:00,UPS-01,Online,300,141.0,141.0,155.8,47.0,95.4,14.8,479.3,31.2,
2026-08-10 18:30:00,UPS-02,Online,300,141.0,141.0,157.0,47.0,94.6,16.0,480.0,31.2,
2026-08-10 18:30:00,UPS-03,Online,300,141.0,141.0,155.4,47.0,95.64,14.4,480.2,31.2,
2026-08-10 18:45:00,UPS-01,Online,300,143.5,143.5,159.9,47.8,94.44,16.4,480.7,30.9,
2026-08-10 18:45:00,UPS-02,Online,300,143.5,143.5,159.5,47.8,94.75,16.0,478.6,30.9,
2026-08-10 18:45:00,UPS-03,Online,300,143.5,143.5,159.1,47.8,94.94,15.6,481.7,30.9,
2026-08-10 19:00:00,UPS-01,Online,300,140.6,140.6,155.5,46.9,95.29,14.9,481.5,31.2,
2026-08-10 19:00:00,UPS-02,Online,300,140.6,140.6,157.1,46.9,94.27,16.5,479.6,31.2,
2026-08-10 19:00:00,UPS-03,Online,300,140.6,140.6,156.2,46.9,94.87,15.6,481.2,31.2,
2026-08-10 19:15:00,UPS-01,Online,300,142.1,142.1,157.6,47.4,95.0,15.5,479.6,31.0,
2026-08-10 19:15:00,UPS-02,Online,300,142.1,142.1,158.2,47.4,94.59,16.1,478.6,31.0,
2026-08-10 19:15:00,UPS-03,Online,300,142.1,142.1,157.8,47.4,94.87,15.7,479.3,31.0,
2026-08-10 19:30:00,UPS-01,Online,300,141.1,141.1,157.2,47.0,94.59,16.1,481.9,31.2,
2026-08-10 19:30:00,UPS-02,Online,300,141.1,141.1,156.1,47.0,95.29,15.0,481.7,31.2,
2026-08-10 19:30:00,UPS-03,Online,300,141.1,141.1,156.4,47.0,95.07,15.3,481.5,31.2,
2026-08-10 19:45:00,UPS-01,Online,300,137.1,137.1,153.0,45.7,94.53,15.9,478.7,31.7,
2026-08-10 19:45:00,UPS-02,Online,300,137.1,137.1,153.3,45.7,94.38,16.2,478.4,31.7,
2026-08-10 19:45:00,UPS-03,Online,300,137.1,137.1,153.3,45.7,94.38,16.2,480.0,31.7,
2026-08-10 20:00:00,UPS-01,Online,300,137.3,137.3,153.0,45.8,94.72,15.7,479.3,31.7,
2026-08-10 20:00:00,UPS-02,Online,300,137.3,137.3,153.2,45.8,94.56,15.9,480.1,31.7,
2026-08-10 20:00:00,UPS-03,Online,300,137.3,137.3,152.5,45.8,94.99,15.2,481.2,31.7,
2026-08-10 20:15:00,UPS-01,Online,300,137.8,137.8,153.3,45.9,94.82,15.5,479.8,31.6,
2026-08-10 20:15:00,UPS-02,Online,300,137.8,137.8,152.5,45.9,95.37,14.7,479.6,31.6,
2026-08-10 20:15:00,UPS-03,Online,300,137.8,137.8,152.7,45.9,95.24,14.9,478.5,31.6,
2026-08-10 20:30:00,UPS-01,Online,300,136.6,136.6,152.9,45.5,94.29,16.3,478.8,31.8,
2026-08-10 20:30:00,UPS-02,Online,300,136.6,136.6,151.9,45.5,94.94,15.3,478.4,31.8,
2026-08-10 20:30:00,UPS-03,Online,300,136.6,136.6,152.5,45.5,94.51,15.9,479.3,31.8,
2026-08-10 20:45:00,UPS-01,Online,300,132.9,132.9,147.2,44.3,95.44,14.3,481.1,32.3,
2026-08-10 20:45:00,UPS-02,Online,300,132.9,132.9,146.8,44.3,95.73,13.9,481.2,32.3,
2026-08-10 20:45:00,UPS-03,Online,300,132.9,132.9,148.3,44.3,94.71,15.4,478.1,32.3,
2026-08-10 21:00:00,UPS-01,Online,300,131.8,131.8,146.8,43.9,94.93,15.0,481.8,32.4,
2026-08-10 21:00:00,UPS-02,Online,300,131.8,131.8,146.9,43.9,94.89,15.1,480.2,32.4,
2026-08-10 21:00:00,UPS-03,Online,300,131.8,131.8,147.0,43.9,94.8,15.2,481.7,32.4,
2026-08-10 21:15:00,UPS-01,Online,300,134.0,134.0,149.0,44.7,95.03,15.0,478.2,32.1,
2026-08-10 21:15:00,UPS-02,Online,300,134.0,134.0,148.4,44.7,95.43,14.4,480.0,32.1,
2026-08-10 21:15:00,UPS-03,Online,300,134.0,134.0,148.9,44.7,95.08,14.9,481.0,32.1,
2026-08-10 21:30:00,UPS-01,Online,300,130.4,130.4,145.6,43.5,94.76,15.2,481.7,32.6,
2026-08-10 21:30:00,UPS-02,Online,300,130.4,130.4,146.0,43.5,94.48,15.6,481.5,32.6,
2026-08-10 21:30:00,UPS-03,Online,300,130.4,130.4,145.7,43.5,94.67,15.3,481.7,32.6,
2026-08-10 21:45:00,UPS-01,Online,300,129.1,129.1,143.7,43.0,95.11,14.6,479.2,32.8,
2026-08-10 21:45:00,UPS-02,Online,300,129.1,129.1,144.8,43.0,94.34,15.7,478.9,32.8,
2026-08-10 21:45:00,UPS-03,Online,300,129.1,129.1,143.3,43.0,95.41,14.2,478.4,32.8,
2026-08-10 22:00:00,UPS-01,Online,300,129.8,129.8,144.3,43.3,95.25,14.5,478.5,32.7,
2026-08-10 22:00:00,UPS-02,Online,300,129.8,129.8,145.3,43.3,94.54,15.5,479.3,32.7,
2026-08-10 22:00:00,UPS-03,Online,300,129.8,129.8,143.8,43.3,95.59,14.0,480.1,32.7,
2026-08-10 22:15:00,UPS-01,Online,300,128.1,128.1,142.6,42.7,95.16,14.5,478.0,32.9,
2026-08-10 22:15:00,UPS-02,Online,300,128.1,128.1,142.2,42.7,95.43,14.1,478.5,32.9,
2026-08-10 22:15:00,UPS-03,Online,300,128.1,128.1,143.3,42.7,94.66,15.2,479.0,32.9,
2026-08-10 22:30:00,UPS-01,Online,300,125.6,125.6,140.8,41.9,94.61,15.2,479.5,33.2,
2026-08-10 22:30:00,UPS-02,Online,300,125.6,125.6,139.2,41.9,95.73,13.6,479.6,33.2,
2026-08-10 22:30:00,UPS-03,Online,300,125.6,125.6,140.6,41.9,94.71,15.0,479.1,33.2,
2026-08-10 22:45:00,UPS-01,Online,300,126.3,126.3,141.7,42.1,94.49,15.4,480.2,33.2,
2026-08-10 22:45:00,UPS-02,Online,300,126.3,126.3,141.0,42.1,94.93,14.7,480.0,33.2,
2026-08-10 22:45:00,UPS-03,Online,300,126.3,126.3,140.2,42.1,95.54,13.9,480.2,33.2,
2026-08-10 23:00:00,UPS-01,Online,300,127.3,127.3,141.8,42.4,95.15,14.5,481.1,33.0,
2026-08-10 23:00:00,UPS-02,Online,300,127.3,127.3,143.0,42.4,94.3,15.7,478.3,33.0,
2026-08-10 23:00:00,UPS-03,Online,300,127.3,127.3,143.1,42.4,94.25,15.8,480.2,33.0,
2026-08-10 23:15:00,UPS-01,Online,300,123.0,123.0,136.8,41.0,95.49,13.8,478.5,33.6,
2026-08-10 23:15:00,UPS-02,Online,300,123.0,123.0,136.6,41.0,95.63,13.6,480.9,33.6,
2026-08-10 23:15:00,UPS-03,Online,300,123.0,123.0,138.4,41.0,94.32,15.4,481.5,33.6,
2026-08-10 23:30:00,UPS-01,Online,300,122.8,122.8,136.9,40.9,95.24,14.1,480.7,33.6,
2026-08-10 23:30:00,UPS-02,Online,300,122.8,122.8,137.1,40.9,95.14,14.3,478.1,33.6,
2026-08-10 23:30:00,UPS-03,Online,300,122.8,122.8,136.9,40.9,95.26,14.1,480.1,33.6,
2026-08-10 23:45:00,UPS-01,Online,300,122.9,122.9,137.7,41.0,94.79,14.8,479.0,33.6,
2026-08-10 23:45:00,UPS-02,Online,300,122.9,122.9,136.7,41.0,95.53,13.8,478.7,33.6,
2026-08-10 23:45:00,UPS-03,Online,300,122.9,122.9,137.3,41.0,95.05,14.4,481.2,33.6,
